Workbook

Sheet Catalogo_BR
A1: id | B1: Titulo_BR | C1: Titulo_Original | D1: Codigo_TecToy | E1: Ano | F1: Variante | G1: Edicao | H1: Genero | I1: Sub-Genero | J1: Peripherals | K1: Players | L1: Tamanho | M1: Desenvolvedor | N1: Distribuidor | O1: FM | P1: Observacao | Q1: Exclusivo_BR
A2: BR-245-CU | B2: 20 em 1 | E2: 1999 | G2: CU | O2: FALSE
A3: BR-001-GG | B3: Ace of Aces | E3: 1991 | G3: GG | H3: Shooting | I3: Nave | O3: FALSE
A4: BR-002-GG | B4: Action Fighter | E4: 1986 | G4: GG | H4: Action | O4: FALSE
A5: BR-003-GG | B5: Aerial Assault | E5: 1990 | G5: GG | H5: Shooting | I5: Nave | O5: FALSE
A6: BR-004-CP | B6: After Burner | E6: 1987 | G6: CP | H6: Shooting | O6: FALSE
A7: BR-004-GG | B7: After Burner | E7: 1987 | G7: GG | H7: Shooting | O7: FALSE | P7: [Verificar ano da edição]
A8: BR-005-GG | B8: Air Rescue | E8: 1992 | G8: GG | H8: Shooting | O8: FALSE
A9: BR-006-GG | B9: Alex Kidd High-Tech World | E9: 1989 | G9: GG | H9: RPG | I9: RPG | O9: FALSE
A10: BR-007-CP | B10: Alex Kidd in Miracle World | E10: 1986 | G10: CP | H10: Action | I10: Platform | O10: FALSE
A11: BR-007-GG | B11: Alex Kidd in Miracle World | E11: 1986 | G11: GG | H11: Action | I11: Platform | O11: FALSE | P11: [Verificar ano da edição]
A12: BR-008-CP | B12: Alex Kidd In Shinobi World | E12: 1990 | G12: CP | H12: Action | I12: Platform | O12: FALSE
A13: BR-008-GG | B13: Alex Kidd In Shinobi World | E13: 1990 | G13: GG | H13: Action | I13: Platform | O13: FALSE | P13: [Verificar ano da edição]
A14: BR-009-CP | B14: Alex Kidd: The Lost Stars | E14: 1988 | G14: CP | H14: Action | O14: TRUE
A15: BR-010-GG | B15: Alien 3 | E15: 1992 | G15: GG | H15: Action | O15: FALSE
A16: BR-011-GG | B16: Alien Storm | E16: 1991 | G16: GG | H16: Action | O16: FALSE
A17: BR-012-GG | B17: Alien Syndrome | E17: 1987 | G17: GG | H17: Action | O17: TRUE
A18: BR-013-AZ | B18: Altered Beast | E18: 1989 | G18: AZ | H18: Action | O18: TRUE | P18: [Verificar ano da edição]
A19: BR-013-CP | B19: Altered Beast | E19: 1989 | G19: CP | H19: Action | O19: TRUE
A20: BR-013-GG | B20: Altered Beast | E20: 1989 | G20: GG | H20: Action | O20: TRUE | P20: [Verificar ano da edição]
A21: BR-014-GG | B21: American Baseball | E21: 1989 | G21: GG | H21: Sport | O21: FALSE
A22: BR-015-AB | B22: Andre Agassi Tennis | E22: 1993 | G22: AB | H22: Sport | O22: FALSE
A23: BR-016-AZ | B23: Ariel The Little Mermaid | E23: 1996 | G23: AZ | H23: Action | O23: FALSE
A24: BR-017-AZ | B24: As Aventuras da TV Colosso | E24: 1996 | G24: AZ | H24: Action | O24: FALSE
A25: BR-018-CP | B25: Assault City | E25: 1990 | G25: CP | H25: Action | O25: FALSE
A26: BR-019-GG | B26: Asterix | E26: 1991 | G26: GG | H26: Action | O26: FALSE
A27: BR-020-AB | B27: Asterix and the Great Rescue | E27: 1994 | G27: AB | H27: Action | O27: FALSE
A28: BR-021-AB | B28: Astérix and the Secret Mission | E28: 1994 | G28: AB | H28: Action | O28: FALSE
A29: BR-022-CP | B29: Astro Warrior | E29: 1986 | G29: CP | H29: Action | O29: FALSE
A30: BR-022-GG | B30: Astro Warrior | E30: 1986 | G30: GG | H30: Action | O30: FALSE | P30: [Verificar ano da edição]
A31: BR-023-GG | B31: Ayrton Senna's Super Monaco GP II | E31: 1992 | G31: GG | H31: Racing | O31: FALSE
A32: BR-024-CP | B32: Aztec Adventure | E32: 1987 | G32: CP | H32: Action | O32: TRUE
A33: BR-025-GG | B33: Back to the Future II | E33: 1991 | G33: GG | H33: Action | O33: FALSE
A34: BR-026-AZ | B34: Baku Baku | E34: 1996 | G34: AZ | H34: Action | O34: FALSE
A35: BR-027-GG | B35: Bank Panic | E35: 1987 | G35: GG | H35: Action | O35: FALSE
A36: BR-028-GG | B36: Basketball Nightmare | E36: 1989 | G36: GG | H36: Sport | O36: FALSE
A37: BR-029-GP | B37: Batman Returns | E37: 1993 | G37: GP | H37: Action | O37: FALSE
A38: BR-030-CP | B38: Battle OutRun | E38: 1989 | G38: CP | H38: Racing | O38: TRUE
A39: BR-031-AZ | B39: Battlemaniacs | E39: 1996 | G39: AZ | H39: Action | O39: FALSE
A40: BR-032-CP | B40: Black Belt | E40: 1986 | G40: CP | H40: Action | O40: FALSE
A41: BR-033-CP | B41: Blade Eagle 3D | E41: 1988 | G41: CP | H41: Action | J41: 3D Glasses | O41: TRUE
A42: BR-034-GG | B42: Bonanza Brothers | E42: 1991 | G42: GG | H42: Action | O42: FALSE
A43: BR-035-AB | B43: Buggy Run | E43: 1993 | G43: AB | H43: Racing | O43: FALSE
A44: BR-036-GG | B44: Captain Silver | E44: 1988 | G44: GG | H44: Action | O44: FALSE
A45: BR-037-AZ | B45: Castelo Rá-Tim-Bum | E45: 1997 | G45: AZ | H45: Action | O45: TRUE
A46: BR-038-CP | B46: Castle of Illusion Estrelando Mickey Mouse | E46: 1991 | G46: CP | H46: Action | O46: FALSE
A47: BR-038-GG | B47: Castle of Illusion Estrelando Mickey Mouse | E47: 1991 | G47: GG | H47: Action | O47: FALSE | P47: [Verificar ano da edição]
A48: BR-039-AB | B48: Champions of Europe | E48: 1992 | G48: AB | H48: Sport | O48: FALSE
A49: BR-040-AB | B49: Chapolim x Drácula: Um Duelo Assustador | E49: 1993 | G49: AB | H49: Action | O49: FALSE
A50: BR-041-AZ | B50: Cheese Cat-Astrophe estrelando Speedy Gonzales | E50: 1995 | G50: AZ | H50: Action | O50: FALSE
A51: BR-042-CP | B51: Choplifter | E51: 1986 | G51: CP | H51: Action | O51: FALSE
A52: BR-043-GP | B52: Chuck Rock | E52: 1992 | G52: GP | H52: Action | O52: FALSE
A53: BR-044-AB | B53: Chuck Rock II: Son of Chuck | E53: 1993 | G53: AB | H53: Action | O53: FALSE
A54: BR-045-CP | B54: Cloud Master | E54: 1989 | G54: CP | H54: Action | O54: TRUE
A55: BR-046-AB | B55: Crash Dummies | E55: 1993 | G55: AB | H55: Action | O55: FALSE
A56: BR-047-GG | B56: Cyber Shinobi | E56: 1991 | G56: GG | H56: Action | O56: FALSE
A57: BR-048-GG | B57: Cyborg Hunter | E57: 1988 | G57: GG | H57: Action | O57: TRUE
A58: BR-049-AB | B58: Daffy Duck in Hollywood | E58: 1994 | G58: AB | H58: Action | O58: FALSE
A59: BR-050-GG | B59: Danan | E59: 1991 | G59: GG | H59: Action | O59: FALSE
... A73: BR-064-CP | B73: E-SWAT | E73: 1990 | G73: CP | H73: Action | O73: FALSE
A74: BR-064-GG | B74: E-SWAT | E74: 1990 | G74: GG | H74: Action | O74: FALSE | P74: [Verificar ano da edição]
A75: BR-065-AZ | B75: Earthworm Jim | E75: 1997 | G75: AZ | H75: Action | O75: FALSE
A76: BR-066-AB | B76: Ecco The Dolphin | E76: 1993 | G76: AB | H76: Action | O76: FALSE
A77: BR-067-AZ | B77: Ecco: The Tides of Time | E77: 1996 | G77: AZ | H77: Action | O77: FALSE
A78: BR-068-GG | B78: F-16 Fighter | E78: 1986 | G78: GG | H78: Shooting | O78: FALSE
A79: BR-069-AB | B79: F1 | E79: 1993 | G79: AB | H79: Shooting | O79: FALSE
A80: BR-070-CP | B80: Fantasy Zone II | E80: 1987 | G80: CP | H80: Action | O80: TRUE
A81: BR-071-CP | B81: Fantasy Zone: The Maze | E81: 1987 | G81: CP | H81: Action | O81: TRUE
A82: BR-072-AZ | B82: Férias Frustradas do Pica-Pau | E82: 1996 | G82: AZ | H82: Action | O82: FALSE
A83: BR-073-AZ | B83: FIFA International Soccer | E83: 1996 | G83: AZ | H83: Sport | O83: FALSE
A84: BR-074-AZ | B84: Fire & Ice | E84: 1995 | G84: AZ | H84: Action | O84: FALSE
A85: BR-075-GG | B85: Forgotten Worlds | E85: 1991 | G85: GG | H85: Action | O85: FALSE
A86: BR-076-GG | B86: G-Loc | E86: 1991 | G86: GG | H86: Shooting | O86: FALSE
... A88: BR-078-CP | B88: Galaxy Force | E88: 1989 | G88: CP | H88: Action | O88: TRUE
A89: BR-078-GG | B89: Galaxy Force | E89: 1989 | G89: GG | H89: Action | O89: TRUE | P89: [Verificar ano da edição]
A90: BR-079-MG | B90: Game Box série Corridas | E90: 1996 | G90: MG | H90: Sport | O90: FALSE
A91: BR-080-MG | B91: Game Box série Esportes | E91: 1996 | G91: MG | H91: Sport | O91: FALSE
A92: BR-081-MG | B92: Game Box série Esportes Radicais | E92: 1996 | G92: MG | H92: Sport | O92: FALSE
A93: BR-082-MG | B93: Game Box série Lutas | E93: 1996 | G93: MG | H93: Fight | O93: FALSE
A94: BR-083-GG | B94: Gang's Fighter | E94: 1986 | G94: GG | H94: Action | O94: FALSE
A95: BR-084-AZ | B95: Gangster Town | E95: 1987 | G95: AZ | H95: Action | O95: FALSE | P95: [Verificar ano da edição]
A96: BR-084-CP | B96: Gangster Town | E96: 1987 | G96: CP | H96: Action | O96: FALSE
A97: BR-085-GG | B97: Gauntlet | E97: 1990 | G97: GG | H97: Action | O97: FALSE
A98: BR-086-AB | B98: George Foreman's KO Boxing | E98: 1992 | G98: AB | H98: Fight | O98: FALSE
A99: BR-087-AB | B99: Geraldinho | E99: 1995 | G99: AB | H99: Action | O99: FALSE
A100: BR-088-GG | B100: Ghost House | E100: 1986 | G100: GG | H100: Action | O100: FALSE
A101: BR-089-CP | B101: Ghostbusters | E101: 1987 | G101: CP | H101: Action | O101: FALSE
A102: BR-090-AZ | B102: Ghouls 'n Ghosts | E102: 1991 | G102: AZ | H102: Action | O102: FALSE | P102: [Verificar ano da edição]
A103: BR-090-CP | B103: Ghouls 'n Ghosts | E103: 1991 | G103: CP | H103: Action | O103: FALSE
A104: BR-090-GG | B104: Ghouls 'n Ghosts | E104: 1991 | G104: GG | H104: Action | O104: FALSE | P104: [Verificar ano da edição]
A105: BR-091-CP | B105: Global Defense | E105: 1987 | G105: CP | H105: Action | O105: TRUE
A106: BR-092-GP | B106: Global Gladiators | E106: 1993 | G106: GP | H106: Action | O106: FALSE
A107: BR-093-CP | B107: Golden Axe | E107: 1989 | G107: CP | H107: Action | O107: FALSE
A108: BR-093-GG | B108: Golden Axe | E108: 1989 | G108: GG | H108: Action | O108: FALSE | P108: [Verificar ano da edição]
A109: BR-094-GG | B109: Golden Axe Warrior | E109: 1991 | G109: GG | H109: Action | O109: FALSE
A110: BR-095-GG | B110: Golfamania | E110: 1990 | G110: GG | H110: Sport | O110: TRUE
A111: BR-096-GG | B111: Golvellius | E111: 1988 | G111: GG | H111: RPG | O111: TRUE
A112: BR-097-GP | B112: GP Rider | E112: 1988 | G112: GP | H112: Racing | O112: FALSE
A113: BR-098-CP | B113: Great Basket | E113: 1987 | G113: CP | H113: Sport | O113: FALSE
A114: BR-099-CP | B114: Great Voley | E114: 1987 | G114: CP | H114: Sport | O114: FALSE
...

Sheet Minha_Colecao
J1: ="🎮 Tectoy: " & AA3 & " | 📦 Total: " & AA4 & " | 📦 CIB: " & AA5 & " • 📻 Boxed: " & AA6 & " • 🕹️ Loose: " & AA7 & " | CP: " & AA8 & " • GG: " & AA9 & " • GP: " & AA10 & " • AB: " & AA11 & " • AZ: " & AA12 -> 🎮 Tectoy: 132/245 | 📦 Total: 157 | 📦 CIB: 73 • 📻 Boxed: 26 • 🕹️ Loose: 54 | CP: 40/62 • GG: 68/102 • GP: 13/15 • AB: 11/56 • AZ: 4/35
A2: id | B2: exemplar | C2: Titulo_br | D2: Titulo_int | E2: Status | F2: Edicao | G2: Prioridade | H2: My_rate | I2: Ano | J2: Regiao | K2: Catalogo | L2: Raridade | M2: Cartucho | N2: Estojo | O2: Encarte | P2: Manual | Q2: Serial Bat. | R2: Lote | S2: Data_compra | T2: valor individual | U2: Observacao
D3: Trivial Pursuit - Genus Edition | E3: =IF(A3="","",IF(M3=FALSE,"Não possuo",IF(AND(M3,N3,O3,P3),"CIB",IF(AND(M3,N3,O3,NOT(P3)),"Boxed",IF(AND(M3,NOT(N3),NOT(O3),NOT(P3)),"Loose","Incompleto"))))) | G3: 0 | J3: EU | K3: EU | M3: TRUE | N3: FALSE | O3: FALSE | P3: FALSE | Q3: n/s | Z3: tectoy | AA3: =IFERROR(__xludf.DUMMYFUNCTION("COUNTUNIQUE(ARRAYFORMULA(IF((K3:K296=""TecToy"")*(E3:E296<>""Não possuo"")*(A3:A296<>""""), REGEXEXTRACT(A3:A296, ""-(\d+)-""), """"))) & ""/"" & COUNTUNIQUE(ARRAYFORMULA(IF(Catalogo_BR!A2:A296<>"""", REGEXEXTRACT(Catalogo_BR!A2:A296, ""-(\d+)-""), """"))"&")"),"132/245") -> 132/245
D4: Speedball | E4: =IF(A4="","",IF(M4=FALSE,"Não possuo",IF(AND(M4,N4,O4,P4),"CIB",IF(AND(M4,N4,O4,NOT(P4)),"Boxed",IF(AND(M4,NOT(N4),NOT(O4),NOT(P4)),"Loose","Incompleto"))))) | G4: 0 | J4: EU | K4: EU | M4: TRUE | N4: FALSE | O4: FALSE | P4: FALSE | Q4: n/s | Z4: total | AA4: =COUNTIFS(E3:E296, "<>Não possuo", E3:E296, "<>") - IFERROR(COUNTIFS(E3:E296, "<>Não possuo", C3:C296, "", D3:D296, ""), 0) -> 157
D5: Bomber Raid | E5: =IF(A5="","",IF(M5=FALSE,"Não possuo",IF(AND(M5,N5,O5,P5),"CIB",IF(AND(M5,N5,O5,NOT(P5)),"Boxed",IF(AND(M5,NOT(N5),NOT(O5),NOT(P5)),"Loose","Incompleto"))))) | G5: 0 | J5: EU | K5: EU | M5: TRUE | N5: FALSE | O5: FALSE | P5: FALSE | Q5: n/s | Z5: cib | AA5: =COUNTIF(E3:E296, "CIB") -> 73
A6: BR-077-GG | C6: {=IF(A6="","",_xlfn.XLOOKUP(A6,Catalogo_BR!$A$2:$A$277,Catalogo_BR!$B$2:$B$277,"",0))} -> Gain Ground | E6: =IF(A6="","",IF(M6=FALSE,"Não possuo",IF(AND(M6,N6,O6,P6),"CIB",IF(AND(M6,N6,O6,NOT(P6)),"Boxed",IF(AND(M6,NOT(N6),NOT(O6),NOT(P6)),"Loose","Incompleto"))))) -> Boxed | F6: GG | G6: 0 | H6: 4 | I6: 1991 | J6: BR | K6: Tectoy | L6: Raro | M6: TRUE | N6: TRUE | O6: TRUE | P6: FALSE | Q6: n/s | Z6: boxed | AA6: =COUNTIF(E3:E296, "Boxed") -> 26
A7: BR-096-GG | C7: {=IF(A7="","",_xlfn.XLOOKUP(A7,Catalogo_BR!$A$2:$A$277,Catalogo_BR!$B$2:$B$277,"",0))} -> Golvellius | E7: =IF(A7="","",IF(M7=FALSE,"Não possuo",IF(AND(M7,N7,O7,P7),"CIB",IF(AND(M7,N7,O7,NOT(P7)),"Boxed",IF(AND(M7,NOT(N7),NOT(O7),NOT(P7)),"Loose","Incompleto"))))) -> Boxed | F7: GG | G7: 0 | H7: 5 | I7: 1988 | J7: BR | K7: Tectoy | L7: Raro | M7: TRUE | N7: TRUE | O7: TRUE | P7: FALSE | Q7: n/s | Z7: loose | AA7: =COUNTIF(E3:E296, "Loose") -> 54
A8: BR-168-GG | C8: {=IF(A8="","",_xlfn.XLOOKUP(A8,Catalogo_BR!$A$2:$A$277,Catalogo_BR!$B$2:$B$277,"",0))} -> Sagaia | E8: =IF(A8="","",IF(M8=FALSE,"Não possuo",IF(AND(M8,N8,O8,P8),"CIB",IF(AND(M8,N8,O8,NOT(P8)),"Boxed",IF(AND(M8,NOT(N8),NOT(O8),NOT(P8)),"Loose","Incompleto"))))) -> Boxed | F8: GG | G8: 0 | H8: 4 | I8: 1992 | J8: BR | K8: Tectoy | L8: Raro | M8: TRUE | N8: TRUE | O8: TRUE | P8: FALSE | Q8: n/s | Z8: cp | AA8: =IFERROR(__xludf.DUMMYFUNCTION("COUNTUNIQUE(FILTER(A3:A296, F3:F296=""CP"", E3:E296<>""Não possuo"", A3:A296<>"""")) & ""/"" & COUNTUNIQUE(FILTER(Catalogo_BR!A2:A296, Catalogo_BR!G2:G296=""CP"", Catalogo_BR!A2:A296<>""""))"),"40/62") -> 40/62
A9: BR-152-GG | C9: {=IF(A9="","",_xlfn.XLOOKUP(A9,Catalogo_BR!$A$2:$A$277,Catalogo_BR!$B$2:$B$277,"",0))} -> Psychic World | E9: =IF(A9="","",IF(M9=FALSE,"Não possuo",IF(AND(M9,N9,O9,P9),"CIB",IF(AND(M9,N9,O9,NOT(P9)),"Boxed",IF(AND(M9,NOT(N9),NOT(O9),NOT(P9)),"Loose","Incompleto"))))) -> Boxed | F9: GG | G9: 0 | H9: 5 | I9: 1991 | J9: BR | K9: Tectoy | L9: Raro | M9: TRUE | N9: TRUE | O9: TRUE | P9: FALSE | Q9: n/s | Z9: gg | AA9: =IFERROR(__xludf.DUMMYFUNCTION("COUNTUNIQUE(FILTER(A3:A296, F3:F296=""GG"", E3:E296<>""Não possuo"", A3:A296<>"""")) & ""/"" & COUNTUNIQUE(FILTER(Catalogo_BR!A2:A296, Catalogo_BR!G2:G296=""GG"", Catalogo_BR!A2:A296<>""""))"),"68/102") -> 68/102
A10: BR-241-GG | C10: {=IF(A10="","",_xlfn.XLOOKUP(A10,Catalogo_BR!$A$2:$A$277,Catalogo_BR!$B$2:$B$277,"",0))} -> Y's | E10: =IF(A10="","",IF(M10=FALSE,"Não possuo",IF(AND(M10,N10,O10,P10),"CIB",IF(AND(M10,N10,O10,NOT(P10)),"Boxed",IF(AND(M10,NOT(N10),NOT(O10),NOT(P10)),"Loose","Incompleto"))))) -> Boxed | F10: GG | G10: 0 | H10: 5 | I10: 1988 | J10: BR | K10: Tectoy | L10: Raro | M10: TRUE | N10: TRUE | O10: TRUE | P10: FALSE | Q10: n/s | Z10: gp | AA10: =IFERROR(__xludf.DUMMYFUNCTION("COUNTUNIQUE(FILTER(A3:A296, F3:F296=""GP"", E3:E296<>""Não possuo"", A3:A296<>"""")) & ""/"" & COUNTUNIQUE(FILTER(Catalogo_BR!A2:A296, Catalogo_BR!G2:G296=""GP"", Catalogo_BR!A2:A296<>""""))"),"13/15") -> 13/15
A11: BR-217-GG | C11: {=IF(A11="","",_xlfn.XLOOKUP(A11,Catalogo_BR!$A$2:$A$277,Catalogo_BR!$B$2:$B$277,"",0))} -> The Simpsons: Bart vs. The Space Mutants | E11: =IF(A11="","",IF(M11=FALSE,"Não possuo",IF(AND(M11,N11,O11,P11),"CIB",IF(AND(M11,N11,O11,NOT(P11)),"Boxed",IF(AND(M11,NOT(N11),NOT(O11),NOT(P11)),"Loose","Incompleto"))))) -> Boxed | F11: GG | G11: 0 | H11: 3 | I11: 1992 | J11: BR | K11: Tectoy | L11: Raro | M11: TRUE | N11: TRUE | O11: TRUE | P11: FALSE | Q11: n/s | Z11: ab | AA11: =IFERROR(__xludf.DUMMYFUNCTION("COUNTUNIQUE(FILTER(A3:A296, F3:F296=""AB"", E3:E296<>""Não possuo"", A3:A296<>"""")) & ""/"" & COUNTUNIQUE(FILTER(Catalogo_BR!A2:A296, Catalogo_BR!G2:G296=""AB"", Catalogo_BR!A2:A296<>""""))"),"11/56") -> 11/56
A12: BR-160-GG | C12: {=IF(A12="","",_xlfn.XLOOKUP(A12,Catalogo_BR!$A$2:$A$277,Catalogo_BR!$B$2:$B$277,"",0))} -> Rastan | E12: =IF(A12="","",IF(M12=FALSE,"Não possuo",IF(AND(M12,N12,O12,P12),"CIB",IF(AND(M12,N12,O12,NOT(P12)),"Boxed",IF(AND(M12,NOT(N12),NOT(O12),NOT(P12)),"Loose","Incompleto"))))) -> Boxed | F12: GG | G12: 1 | H12: 4 | I12: 1989 | J12: EUA | K12: Tectoy | L12: Raro | M12: TRUE | N12: TRUE | O12: TRUE | P12: FALSE | Q12: n/s | Z12: az | AA12: =IFERROR(__xludf.DUMMYFUNCTION("COUNTUNIQUE(FILTER(A3:A296, F3:F296=""AZ"", E3:E296<>""Não possuo"", A3:A296<>"""")) & ""/"" & COUNTUNIQUE(FILTER(Catalogo_BR!A2:A296, Catalogo_BR!G2:G296=""AZ"", Catalogo_BR!A2:A296<>""""))"),"4/35") -> 4/35
A13: BR-127-GG | C13: {=IF(A13="","",_xlfn.XLOOKUP(A13,Catalogo_BR!$A$2:$A$277,Catalogo_BR!$B$2:$B$277,"",0))} -> Miracle Warriors | E13: =IF(A13="","",IF(M13=FALSE,"Não possuo",IF(AND(M13,N13,O13,P13),"CIB",IF(AND(M13,N13,O13,NOT(P13)),"Boxed",IF(AND(M13,NOT(N13),NOT(O13),NOT(P13)),"Loose","Incompleto"))))) -> Boxed | F13: GG | G13: 3 | H13: 5 | I13: 1987 | J13: BR | K13: Tectoy | L13: Raro | M13: TRUE | N13: TRUE | O13: TRUE | P13: FALSE | Q13: n/s
A14: BR-027-GG | C14: {=IF(A14="","",_xlfn.XLOOKUP(A14,Catalogo_BR!$A$2:$A$277,Catalogo_BR!$B$2:$B$277,"",0))} -> Bank Panic | E14: =IF(A14="","",IF(M14=FALSE,"Não possuo",IF(AND(M14,N14,O14,P14),"CIB",IF(AND(M14,N14,O14,NOT(P14)),"Boxed",IF(AND(M14,NOT(N14),NOT(O14),NOT(P14)),"Loose","Incompleto"))))) -> CIB | F14: GG | G14: 0 | H14: 3 | I14: 1987 | J14: BR | K14: Tectoy | L14: Raro | M14: TRUE | N14: TRUE | O14: TRUE | P14: TRUE | Q14: n/s
A15: BR-050-GG | C15: {=IF(A15="","",_xlfn.XLOOKUP(A15,Catalogo_BR!$A$2:$A$277,Catalogo_BR!$B$2:$B$277,"",0))} -> Danan | E15: =IF(A15="","",IF(M15=FALSE,"Não possuo",IF(AND(M15,N15,O15,P15),"CIB",IF(AND(M15,N15,O15,NOT(P15)),"Boxed",IF(AND(M15,NOT(N15),NOT(O15),NOT(P15)),"Loose","Incompleto"))))) -> CIB | F15: GG | G15: 0 | H15: 4 | I15: 1991 | J15: BR | K15: Tectoy | L15: Raro | M15: TRUE | N15: TRUE | O15: TRUE | P15: TRUE | Q15: n/s
A16: BR-172-GG | C16: {=IF(A16="","",_xlfn.XLOOKUP(A16,Catalogo_BR!$A$2:$A$277,Catalogo_BR!$B$2:$B$277,"",0))} -> Scramble Spirits | E16: =IF(A16="","",IF(M16=FALSE,"Não possuo",IF(AND(M16,N16,O16,P16),"CIB",IF(AND(M16,N16,O16,NOT(P16)),"Boxed",IF(AND(M16,NOT(N16),NOT(O16),NOT(P16)),"Loose","Incompleto"))))) -> CIB | F16: GG | G16: 0 | H16: 3 | I16: 1989 | J16: BR | K16: Tectoy | L16: Raro | M16: TRUE | N16: TRUE | O16: TRUE | P16: TRUE | Q16: n/s
A17: BR-135-GG | C17: {=IF(A17="","",_xlfn.XLOOKUP(A17,Catalogo_BR!$A$2:$A$277,Catalogo_BR!$B$2:$B$277,"",0))} -> Ninja Gaiden | E17: =IF(A17="","",IF(M17=FALSE,"Não possuo",IF(AND(M17,N17,O17,P17),"CIB",IF(AND(M17,N17,O17,NOT(P17)),"Boxed",IF(AND(M17,NOT(N17),NOT(O17),NOT(P17)),"Loose","Incompleto"))))) -> CIB | F17: GG | G17: 0 | H17: 5 | I17: 1992 | J17: BR | K17: Tectoy | L17: Raro | M17: TRUE | N17: TRUE | O17: TRUE | P17: TRUE | Q17: n/s
A18: BR-143-GG | C18: {=IF(A18="","",_xlfn.XLOOKUP(A18,Catalogo_BR!$A$2:$A$277,Catalogo_BR!$B$2:$B$277,"",0))} -> Phantasy Star | E18: =IF(A18="","",IF(M18=FALSE,"Não possuo",IF(AND(M18,N18,O18,P18),"CIB",IF(AND(M18,N18,O18,NOT(P18)),"Boxed",IF(AND(M18,NOT(N18),NOT(O18),NOT(P18)),"Loose","Incompleto"))))) -> CIB | F18: GG | G18: 0 | H18: 5 | I18: 1987 | J18: BR | K18: Tectoy | L18: Raro | M18: TRUE | N18: TRUE | O18: TRUE | P18: TRUE | Q18: n/s
A19: BR-028-GG | C19: {=IF(A19="","",_xlfn.XLOOKUP(A19,Catalogo_BR!$A$2:$A$277,Catalogo_BR!$B$2:$B$277,"",0))} -> Basketball Nightmare | E19: =IF(A19="","",IF(M19=FALSE,"Não possuo",IF(AND(M19,N19,O19,P19),"CIB",IF(AND(M19,N19,O19,NOT(P19)),"Boxed",IF(AND(M19,NOT(N19),NOT(O19),NOT(P19)),"Loose","Incompleto"))))) -> CIB | F19: GG | G19: 0 | H19: 4 | I19: 1989 | J19: BR | K19: Tectoy | L19: Raro | M19: TRUE | N19: TRUE | O19: TRUE | P19: TRUE | Q19: n/s
A20: BR-054-GG | C20: {=IF(A20="","",_xlfn.XLOOKUP(A20,Catalogo_BR!$A$2:$A$277,Catalogo_BR!$B$2:$B$277,"",0))} -> Dick Tracy | E20: =IF(A20="","",IF(M20=FALSE,"Não possuo",IF(AND(M20,N20,O20,P20),"CIB",IF(AND(M20,N20,O20,NOT(P20)),"Boxed",IF(AND(M20,NOT(N20),NOT(O20),NOT(P20)),"Loose","Incompleto"))))) -> CIB | F20: GG | G20: 0 | H20: 3 | I20: 1991 | J20: BR | K20: Tectoy | L20: Raro | M20: TRUE | N20: TRUE | O20: TRUE | P20: TRUE | Q20: n/s
A21: BR-045-CP | C21: {=IF(A21="","",_xlfn.XLOOKUP(A21,Catalogo_BR!$A$2:$A$277,Catalogo_BR!$B$2:$B$277,"",0))} -> Cloud Master | E21: =IF(A21="","",IF(M21=FALSE,"Não possuo",IF(AND(M21,N21,O21,P21),"CIB",IF(AND(M21,N21,O21,NOT(P21)),"Boxed",IF(AND(M21,NOT(N21),NOT(O21),NOT(P21)),"Loose","Incompleto"))))) -> CIB | F21: CP | G21: 0 | H21: 4 | I21: 1989 | J21: BR | K21: Tectoy | L21: Raro | M21: TRUE | N21: TRUE | O21: TRUE | P21: TRUE | Q21: n/s
A22: BR-192-AZ | C22: {=IF(A22="","",_xlfn.XLOOKUP(A22,Catalogo_BR!$A$2:$A$277,Catalogo_BR!$B$2:$B$277,"",0))} -> Street Fighter II | E22: =IF(A22="","",IF(M22=FALSE,"Não possuo",IF(AND(M22,N22,O22,P22),"CIB",IF(AND(M22,N22,O22,NOT(P22)),"Boxed",IF(AND(M22,NOT(N22),NOT(O22),NOT(P22)),"Loose","Incompleto"))))) -> CIB | F22: AZ | G22: 0 | H22: 3 | I22: 1997 | J22: BR | K22: Tectoy | L22: Raro | M22: TRUE | N22: TRUE | O22: TRUE | P22: TRUE | Q22: n/s
A23: BR-240-AZ | C23: {=IF(A23="","",_xlfn.XLOOKUP(A23,Catalogo_BR!$A$2:$A$277,Catalogo_BR!$B$2:$B$277,"",0))} -> X-Men Mojo World | E23: =IF(A23="","",IF(M23=FALSE,"Não possuo",IF(AND(M23,N23,O23,P23),"CIB",IF(AND(M23,N23,O23,NOT(P23)),"Boxed",IF(AND(M23,NOT(N23),NOT(O23),NOT(P23)),"Loose","Incompleto"))))) -> CIB | F23: AZ | G23: 0 | H23: 3 | I23: 1996 | J23: BR | K23: Tectoy | L23: Raro | M23: TRUE | N23: TRUE | O23: TRUE | P23: TRUE | Q23: n/s
A24: BR-007-GG | C24: {=IF(A24="","",_xlfn.XLOOKUP(A24,Catalogo_BR!$A$2:$A$277,Catalogo_BR!$B$2:$B$277,"",0))} -> Alex Kidd in Miracle World | E24: =IF(A24="","",IF(M24=FALSE,"Não possuo",IF(AND(M24,N24,O24,P24),"CIB",IF(AND(M24,N24,O24,NOT(P24)),"Boxed",IF(AND(M24,NOT(N24),NOT(O24),NOT(P24)),"Loose","Incompleto"))))) -> Não possuo | F24: GG | G24: 1 | H24: 5 | I24: 1986 | J24: BR | K24: Tectoy | L24: Raro | M24: FALSE | N24: FALSE | O24: FALSE | P24: FALSE | Q24: n/s
... A33: BR-122-AB | C33: {=IF(A33="","",_xlfn.XLOOKUP(A33,Catalogo_BR!$A$2:$A$277,Catalogo_BR!$B$2:$B$277,"",0))} -> Masters of Combat | E33: =IF(A33="","",IF(M33=FALSE,"Não possuo",IF(AND(M33,N33,O33,P33),"CIB",IF(AND(M33,N33,O33,NOT(P33)),"Boxed",IF(AND(M33,NOT(N33),NOT(O33),NOT(P33)),"Loose","Incompleto"))))) -> Não possuo | F33: AB | G33: 3 | H33: 3 | I33: 1993 | J33: BR | K33: Tectoy | L33: Raro | M33: FALSE | N33: FALSE | O33: FALSE | P33: FALSE | Q33: n/s
A34: BR-143-AZ | C34: {=IF(A34="","",_xlfn.XLOOKUP(A34,Catalogo_BR!$A$2:$A$277,Catalogo_BR!$B$2:$B$277,"",0))} -> Phantasy Star | E34: =IF(A34="","",IF(M34=FALSE,"Não possuo",IF(AND(M34,N34,O34,P34),"CIB",IF(AND(M34,N34,O34,NOT(P34)),"Boxed",IF(AND(M34,NOT(N34),NOT(O34),NOT(P34)),"Loose","Incompleto"))))) -> Não possuo | F34: AZ | G34: 3 | H34: 5 | I34: 1987 | J34: BR | K34: Tectoy | L34: Raro | M34: FALSE | N34: FALSE | O34: FALSE | P34: FALSE | Q34: n/s | U34: [CONFIRME: qual edição você realmente possui? Posse migrada automaticamente para esta linha]
A35: BR-163-AB | C35: {=IF(A35="","",_xlfn.XLOOKUP(A35,Catalogo_BR!$A$2:$A$277,Catalogo_BR!$B$2:$B$277,"",0))} -> Road Rash | E35: =IF(A35="","",IF(M35=FALSE,"Não possuo",IF(AND(M35,N35,O35,P35),"CIB",IF(AND(M35,N35,O35,NOT(P35)),"Boxed",IF(AND(M35,NOT(N35),NOT(O35),NOT(P35)),"Loose","Incompleto"))))) -> Não possuo | F35: AB | G35: 3 | H35: 3 | I35: 1994 | J35: BR | K35: Tectoy | L35: Raro | M35: FALSE | N35: FALSE | O35: FALSE | P35: FALSE | Q35: n/s
A36: BR-179-AZ | C36: {=IF(A36="","",_xlfn.XLOOKUP(A36,Catalogo_BR!$A$2:$A$277,Catalogo_BR!$B$2:$B$277,"",0))} -> Sítio do Picapau Amarelo | E36: =IF(A36="","",IF(M36=FALSE,"Não possuo",IF(AND(M36,N36,O36,P36),"CIB",IF(AND(M36,N36,O36,NOT(P36)),"Boxed",IF(AND(M36,NOT(N36),NOT(O36),NOT(P36)),"Loose","Incompleto"))))) -> Não possuo | F36: AZ | G36: 3 | H36: 1 | I36: 1998 | J36: BR | K36: Tectoy | L36: Raro | M36: FALSE | N36: FALSE | O36: FALSE | P36: FALSE | Q36: n/s
A37: BR-228-AZ | C37: {=IF(A37="","",_xlfn.XLOOKUP(A37,Catalogo_BR!$A$2:$A$277,Catalogo_BR!$B$2:$B$277,"",0))} -> Virtua Fighter Animation | E37: =IF(A37="","",IF(M37=FALSE,"Não possuo",IF(AND(M37,N37,O37,P37),"CIB",IF(AND(M37,N37,O37,NOT(P37)),"Boxed",IF(AND(M37,NOT(N37),NOT(O37),NOT(P37)),"Loose","Incompleto"))))) -> Não possuo | F37: AZ | G37: 3 | H37: 2 | I37: 1997 | J37: BR | K37: Tectoy | L37: Raro | M37: FALSE | N37: FALSE | O37: FALSE | P37: FALSE | Q37: n/s
A38: BR-181-AZ | C38: {=IF(A38="","",_xlfn.XLOOKUP(A38,Catalogo_BR!$A$2:$A$277,Catalogo_BR!$B$2:$B$277,"",0))} -> Sonic Blast | E38: =IF(A38="","",IF(M38=FALSE,"Não possuo",IF(AND(M38,N38,O38,P38),"CIB",IF(AND(M38,N38,O38,NOT(P38)),"Boxed",IF(AND(M38,NOT(N38),NOT(O38),NOT(P38)),"Loose","Incompleto"))))) -> Boxed | F38: AZ | G38: 0 | H38: 3 | I38: 1997 | J38: BR | K38: Tectoy | L38: Muito raro | M38: TRUE | N38: TRUE | O38: TRUE | P38: FALSE | Q38: n/s
A39: BR-103-GG | C39: {=IF(A39="","",_xlfn.XLOOKUP(A39,Catalogo_BR!$A$2:$A$277,Catalogo_BR!$B$2:$B$277,"",0))} -> Impossible Mission | E39: =IF(A39="","",IF(M39=FALSE,"Não possuo",IF(AND(M39,N39,O39,P39),"CIB",IF(AND(M39,N39,O39,NOT(P39)),"Boxed",IF(AND(M39,NOT(N39),NOT(O39),NOT(P39)),"Loose","Incompleto"))))) -> Boxed | F39: GG | G39: 0 | H39: 3 | I39: 1990 | J39: BR | K39: Tectoy | L39: Muito raro | M39: TRUE | N39: TRUE | O39: TRUE | P39: FALSE | Q39: n/s
A40: BR-147-GG | C40: {=IF(A40="","",_xlfn.XLOOKUP(A40,Catalogo_BR!$A$2:$A$277,Catalogo_BR!$B$2:$B$277,"",0))} -> Power Strike | E40: =IF(A40="","",IF(M40=FALSE,"Não possuo",IF(AND(M40,N40,O40,P40),"CIB",IF(AND(M40,N40,O40,NOT(P40)),"Boxed",IF(AND(M40,NOT(N40),NOT(O40),NOT(P40)),"Loose","Incompleto"))))) -> Boxed | F40: GG | G40: 0 | H40: 4 | I40: 1988 | J40: BR | K40: Tectoy | L40: Muito raro | M40: TRUE | N40: TRUE | O40: TRUE | P40: FALSE | Q40: n/s
A41: BR-003-GG | C41: {=IF(A41="","",_xlfn.XLOOKUP(A41,Catalogo_BR!$A$2:$A$277,Catalogo_BR!$B$2:$B$277,"",0))} -> Aerial Assault | E41: =IF(A41="","",IF(M41=FALSE,"Não possuo",IF(AND(M41,N41,O41,P41),"CIB",IF(AND(M41,N41,O41,NOT(P41)),"Boxed",IF(AND(M41,NOT(N41),NOT(O41),NOT(P41)),"Loose","Incompleto"))))) -> CIB | F41: GG | G41: 0 | H41: 4 | I41: 1990 | J41: BR | K41: Tectoy | L41: Muito raro | M41: TRUE | N41: TRUE | O41: TRUE | P41: TRUE | Q41: n/s
A42: BR-002-GG | C42: {=IF(A42="","",_xlfn.XLOOKUP(A42,Catalogo_BR!$A$2:$A$277,Catalogo_BR!$B$2:$B$277,"",0))} -> Action Fighter | E42: =IF(A42="","",IF(M42=FALSE,"Não possuo",IF(AND(M42,N42,O42,P42),"CIB",IF(AND(M42,N42,O42,NOT(P42)),"Boxed",IF(AND(M42,NOT(N42),NOT(O42),NOT(P42)),"Loose","Incompleto"))))) -> CIB | F42: GG | G42: 0 | H42: 4 | I42: 1986 | J42: BR | K42: Tectoy | L42: Muito raro | M42: TRUE | N42: TRUE | O42: TRUE | P42: TRUE | Q42: n/s
A43: BR-094-GG | C43: {=IF(A43="","",_xlfn.XLOOKUP(A43,Catalogo_BR!$A$2:$A$277,Catalogo_BR!$B$2:$B$277,"",0))} -> Golden Axe Warrior | E43: =IF(A43="","",IF(M43=FALSE,"Não possuo",IF(AND(M43,N43,O43,P43),"CIB",IF(AND(M43,N43,O43,NOT(P43)),"Boxed",IF(AND(M43,NOT(N43),NOT(O43),NOT(P43)),"Loose","Incompleto"))))) -> CIB | F43: GG | G43: 0 | H43: 5 | I43: 1991 | J43: BR | K43: Tectoy | L43: Muito raro | M43: TRUE | N43: TRUE | O43: TRUE | P43: TRUE | Q43: n/s
A44: BR-012-GG | C44: {=IF(A44="","",_xlfn.XLOOKUP(A44,Catalogo_BR!$A$2:$A$277,Catalogo_BR!$B$2:$B$277,"",0))} -> Alien Syndrome | E44: =IF(A44="","",IF(M44=FALSE,"Não possuo",IF(AND(M44,N44,O44,P44),"CIB",IF(AND(M44,N44,O44,NOT(P44)),"Boxed",IF(AND(M44,NOT(N44),NOT(O44),NOT(P44)),"Loose","Incompleto"))))) -> CIB | F44: GG | G44: 1 | H44: 3 | I44: 1987 | J44: EU | K44: Tectoy | L44: Muito raro | M44: TRUE | N44: TRUE | O44: TRUE | P44: TRUE | Q44: n/s
A45: BR-187-GG | C45: {=IF(A45="","",_xlfn.XLOOKUP(A45,Catalogo_BR!$A$2:$A$277,Catalogo_BR!$B$2:$B$277,"",0))} -> SpellCaster | E45: =IF(A45="","",IF(M45=FALSE,"Não possuo",IF(AND(M45,N45,O45,P45),"CIB",IF(AND(M45,N45,O45,NOT(P45)),"Boxed",IF(AND(M45,NOT(N45),NOT(O45),NOT(P45)),"Loose","Incompleto"))))) -> CIB | F45: GG | G45: 0 | H45: 5 | I45: 1988 | J45: BR | K45: Tectoy | L45: Muito raro | M45: TRUE | N45: TRUE | O45: TRUE | P45: TRUE | Q45: n/s
A46: BR-012-GG | C46: {=IF(A46="","",_xlfn.XLOOKUP(A46,Catalogo_BR!$A$2:$A$277,Catalogo_BR!$B$2:$B$277,"",0))} -> Alien Syndrome | E46: =IF(A46="","",IF(M46=FALSE,"Não possuo",IF(AND(M46,N46,O46,P46),"CIB",IF(AND(M46,N46,O46,NOT(P46)),"Boxed",IF(AND(M46,NOT(N46),NOT(O46),NOT(P46)),"Loose","Incompleto"))))) -> Loose | F46: GG | G46: 0 | H46: 3 | I46: 1987 | J46: EU | K46: Tectoy | L46: Muito raro | M46: TRUE | N46: FALSE | O46: FALSE | P46: FALSE | Q46: n/s
... A48: BR-011-GG | C48: {=IF(A48="","",_xlfn.XLOOKUP(A48,Catalogo_BR!$A$2:$A$277,Catalogo_BR!$B$2:$B$277,"",0))} -> Alien Storm | E48: =IF(A48="","",IF(M48=FALSE,"Não possuo",IF(AND(M48,N48,O48,P48),"CIB",IF(AND(M48,N48,O48,NOT(P48)),"Boxed",IF(AND(M48,NOT(N48),NOT(O48),NOT(P48)),"Loose","Incompleto"))))) -> Não possuo | F48: GG | G48: 1 | H48: 3 | I48: 1991 | J48: BR | K48: Tectoy | L48: Incomum | M48: FALSE | N48: FALSE | O48: FALSE | P48: FALSE | Q48: n/s
A49: BR-116-AZ | C49: {=IF(A49="","",_xlfn.XLOOKUP(A49,Catalogo_BR!$A$2:$A$277,Catalogo_BR!$B$2:$B$277,"",0))} -> Legend of Illusion starring Mickey Mouse | E49: =IF(A49="","",IF(M49=FALSE,"Não possuo",IF(AND(M49,N49,O49,P49),"CIB",IF(AND(M49,N49,O49,NOT(P49)),"Boxed",IF(AND(M49,NOT(N49),NOT(O49),NOT(P49)),"Loose","Incompleto"))))) -> Não possuo | F49: AZ | G49: 3 | H49: 3 | I49: 1998 | J49: BR | K49: Tectoy | L49: Muito raro | M49: FALSE | N49: FALSE | O49: FALSE | P49: FALSE | Q49: n/s | U49: [CORRIGIDO: BR-116B não possui variante correspondente no catálogo atual]
A50: BR-125-AZ | C50: {=IF(A50="","",_xlfn.XLOOKUP(A50,Catalogo_BR!$A$2:$A$277,Catalogo_BR!$B$2:$B$277,"",0))} -> Mickey's Ultimate Challenge | E50: =IF(A50="","",IF(M50=FALSE,"Não possuo",IF(AND(M50,N50,O50,P50),"CIB",IF(AND(M50,N50,O50,NOT(P50)),"Boxed",IF(AND(M50,NOT(N50),NOT(O50),NOT(P50)),"Loose","Incompleto"))))) -> Não possuo | F50: AZ | G50: 3 | H50: 3 | I50: 1998 | J50: BR | K50: Tectoy | L50: Muito raro | M50: FALSE | N50: FALSE | O50: FALSE | P50: FALSE | Q50: n/s
A51: BR-138-CP | C51: {=IF(A51="","",_xlfn.XLOOKUP(A51,Catalogo_BR!$A$2:$A$277,Catalogo_BR!$B$2:$B$277,"",0))} -> Operation Wolf | E51: =IF(A51="","",IF(M51=FALSE,"Não possuo",IF(AND(M51,N51,O51,P51),"CIB",IF(AND(M51,N51,O51,NOT(P51)),"Boxed",IF(AND(M51,NOT(N51),NOT(O51),NOT(P51)),"Loose","Incompleto"))))) -> Não possuo | F51: CP | G51: 1 | H51: 3 | I51: 1990 | J51: BR | K51: Tectoy | L51: Muito raro | M51: FALSE | N51: FALSE | O51: FALSE | P51: FALSE | Q51: n/s
A52: BR-148-AB | C52: {=IF(A52="","",_xlfn.XLOOKUP(A52,Catalogo_BR!$A$2:$A$277,Catalogo_BR!$B$2:$B$277,"",0))} -> Power Strike II | E52: =IF(A52="","",IF(M52=FALSE,"Não possuo",IF(AND(M52,N52,O52,P52),"CIB",IF(AND(M52,N52,O52,NOT(P52)),"Boxed",IF(AND(M52,NOT(N52),NOT(O52),NOT(P52)),"Loose","Incompleto"))))) -> Não possuo | F52: AB | G52: 1 | H52: 4 | I52: 1993 | J52: BR | K52: Tectoy | L52: Muito raro | M52: FALSE | N52: FALSE | O52: FALSE | P52: FALSE | Q52: n/s
A53: BR-029-GP | C53: {=IF(A53="","",_xlfn.XLOOKUP(A53,Catalogo_BR!$A$2:$A$277,Catalogo_BR!$B$2:$B$277,"",0))} -> Batman Returns | E53: =IF(A53="","",IF(M53=FALSE,"Não possuo",IF(AND(M53,N53,O53,P53),"CIB",IF(AND(M53,N53,O53,NOT(P53)),"Boxed",IF(AND(M53,NOT(N53),NOT(O53),NOT(P53)),"Loose","Incompleto"))))) -> Boxed | F53: GP | G53: 0 | H53: 4 | I53: 1993 | J53: BR | K53: Tectoy | L53: Incomum | M53: TRUE | N53: TRUE | O53: TRUE | P53: FALSE | Q53: n/s
A54: BR-059-AB | C54: {=IF(A54="","",_xlfn.XLOOKUP(A54,Catalogo_BR!$A$2:$A$277,Catalogo_BR!$B$2:$B$277,"",0))} -> Dragon Crystal | E54: =IF(A54="","",IF(M54=FALSE,"Não possuo",IF(AND(M54,N54,O54,P54),"CIB",IF(AND(M54,N54,O54,NOT(P54)),"Boxed",IF(AND(M54,NOT(N54),NOT(O54),NOT(P54)),"Loose","Incompleto"))))) -> Boxed | F54: AB | G54: 0 | H54: 5 | I54: 1991 | J54: EU | K54: Tectoy | L54: Incomum | M54: TRUE | N54: TRUE | O54: TRUE | P54: FALSE | Q54: n/s
A55: BR-224-AB | C55: {=IF(A55="","",_xlfn.XLOOKUP(A55,Catalogo_BR!$A$2:$A$277,Catalogo_BR!$B$2:$B$277,"",0))} -> Turma da Mônica em: O Resgate | E55: =IF(A55="","",IF(M55=FALSE,"Não possuo",IF(AND(M55,N55,O55,P55),"CIB",IF(AND(M55,N55,O55,NOT(P55)),"Boxed",IF(AND(M55,NOT(N55),NOT(O55),NOT(P55)),"Loose","Incompleto"))))) -> Boxed | F55: AB | G55: 0 | H55: 5 | I55: 1993 | J55: BR | K55: Tectoy | L55: Incomum | M55: TRUE | N55: TRUE | O55: TRUE | P55: FALSE | Q55: n/s
A56: BR-121-GP | C56: {=IF(A56="","",_xlfn.XLOOKUP(A56,Catalogo_BR!$A$2:$A$277,Catalogo_BR!$B$2:$B$277,"",0))} -> Master of Darkness | E56: =IF(A56="","",IF(M56=FALSE,"Não possuo",IF(AND(M56,N56,O56,P56),"CIB",IF(AND(M56,N56,O56,NOT(P56)),"Boxed",IF(AND(M56,NOT(N56),NOT(O56),NOT(P56)),"Loose","Incompleto"))))) -> Boxed | F56: GP | G56: 0 | H56: 5 | I56: 1993 | J56: BR | K56: Tectoy | L56: Incomum | M56: TRUE | N56: TRUE | O56: TRUE | P56: FALSE | Q56: n/s
A57: BR-174-GP | C57: {=IF(A57="","",_xlfn.XLOOKUP(A57,Catalogo_BR!$A$2:$A$277,Catalogo_BR!$B$2:$B$277,"",0))} -> Sega World Tournament Golf | E57: =IF(A57="","",IF(M57=FALSE,"Não possuo",IF(AND(M57,N57,O57,P57),"CIB",IF(AND(M57,N57,O57,NOT(P57)),"Boxed",IF(AND(M57,NOT(N57),NOT(O57),NOT(P57)),"Loose","Incompleto"))))) -> Boxed | F57: GP | G57: 0 | H57: 2 | I57: 1993 | J57: BR | K57: Tectoy | L57: Incomum | M57: TRUE | N57: TRUE | O57: TRUE | P57: FALSE | Q57: n/s
A58: BR-193-GP | C58: {=IF(A58="","",_xlfn.XLOOKUP(A58,Catalogo_BR!$A$2:$A$277,Catalogo_BR!$B$2:$B$277,"",0))} -> Streets of Rage | E58: =IF(A58="","",IF(M58=FALSE,"Não possuo",IF(AND(M58,N58,O58,P58),"CIB",IF(AND(M58,N58,O58,NOT(P58)),"Boxed",IF(AND(M58,NOT(N58),NOT(O58),NOT(P58)),"Loose","Incompleto"))))) -> Boxed | F58: GP | G58: 0 | H58: 4 | I58: 1993 | J58: BR | K58: Tectoy | L58: Incomum | M58: TRUE | N58: TRUE | O58: TRUE | P58: FALSE | Q58: n/s
A59: BR-107-GG | C59: {=IF(A59="","",_xlfn.XLOOKUP(A59,Catalogo_BR!$A$2:$A$277,Catalogo_BR!$B$2:$B$277,"",0))} -> Joe Montana Football | E59: =IF(A59="","",IF(M59=FALSE,"Não possuo",IF(AND(M59,N59,O59,P59),"CIB",IF(AND(M59,N59,O59,NOT(P59)),"Boxed",IF(AND(M59,NOT(N59),NOT(O59),NOT(P59)),"Loose","Incompleto"))))) -> Boxed | F59: GG | G59: 0 | H59: 2 | I59: 1990 | J59: BR | K59: Tectoy | L59: Incomum | M59: TRUE | N59: TRUE | O59: TRUE | P59: FALSE | Q59: n/s
A60: BR-197-GG | C60: {=IF(A60="","",_xlfn.XLOOKUP(A60,Catalogo_BR!$A$2:$A$277,Catalogo_BR!$B$2:$B$277,"",0))} -> Submarine Attack | E60: =IF(A60="","",IF(M60=FALSE,"Não possuo",IF(AND(M60,N60,O60,P60),"CIB",IF(AND(M60,N60,O60,NOT(P60)),"Boxed",IF(AND(M60,NOT(N60),NOT(O60),NOT(P60)),"Loose","Incompleto"))))) -> Boxed | F60: GG | G60: 0 | H60: 3 | I60: 1990 | J60: BR | K60: Tectoy | L60: Incomum | M60: TRUE | N60: TRUE | O60: TRUE | P60: FALSE | Q60: n/s
A61: BR-243-GG | C61: {=IF(A61="","",_xlfn.XLOOKUP(A61,Catalogo_BR!$A$2:$A$277,Catalogo_BR!$B$2:$B$277,"",0))} -> Zillion | E61: =IF(A61="","",IF(M61=FALSE,"Não possuo",IF(AND(M61,N61,O61,P61),"CIB",IF(AND(M61,N61,O61,NOT(P61)),"Boxed",IF(AND(M61,NOT(N61),NOT(O61),NOT(P61)),"Loose","Incompleto"))))) -> Boxed | F61: GG | G61: 0 | H61: 3 | I61: 1987 | J61: BR | K61: Tectoy | L61: Incomum | M61: TRUE | N61: TRUE | O61: TRUE | P61: FALSE | Q61: n/s
... A66: BR-039-AB | C66: {=IF(A66="","",_xlfn.XLOOKUP(A66,Catalogo_BR!$A$2:$A$277,Catalogo_BR!$B$2:$B$277,"",0))} -> Champions of Europe | E66: =IF(A66="","",IF(M66=FALSE,"Não possuo",IF(AND(M66,N66,O66,P66),"CIB",IF(AND(M66,N66,O66,NOT(P66)),"Boxed",IF(AND(M66,NOT(N66),NOT(O66),NOT(P66)),"Loose","Incompleto"))))) -> CIB | F66: AB | G66: 0 | H66: 2 | I66: 1992 | J66: BR | K66: Tectoy | L66: Incomum | M66: TRUE | N66: TRUE | O66: TRUE | P66: TRUE | Q66: n/s
A67: BR-115-GP | C67: {=IF(A67="","",_xlfn.XLOOKUP(A67,Catalogo_BR!$A$2:$A$277,Catalogo_BR!$B$2:$B$277,"",0))} -> Land of Illusion Estrelando Mickey Mouse | E67: =IF(A67="","",IF(M67=FALSE,"Não possuo",IF(AND(M67,N67,O67,P67),"CIB",IF(AND(M67,N67,O67,NOT(P67)),"Boxed",IF(AND(M67,NOT(N67),NOT(O67),NOT(P67)),"Loose","Incompleto"))))) -> CIB | F67: GP | G67: 0 | H67: 4 | I67: 1993 | J67: BR | K67: Tectoy | L67: Incomum | M67: TRUE | N67: TRUE | O67: TRUE | P67: TRUE | Q67: n/s | U67: [CONFIRME: qual edição você realmente possui? Posse migrada automaticamente para esta linha]; [CORRIGIDO: BR-115B não possui variante correspondente no catálogo atual]
A68: BR-062-CP | C68: {=IF(A68="","",_xlfn.XLOOKUP(A68,Catalogo_BR!$A$2:$A$277,Catalogo_BR!$B$2:$B$277,"",0))} -> Dynamite Dux | E68: =IF(A68="","",IF(M68=FALSE,"Não possuo",IF(AND(M68,N68,O68,P68),"CIB",IF(AND(M68,N68,O68,NOT(P68)),"Boxed",IF(AND(M68,NOT(N68),NOT(O68),NOT(P68)),"Loose","Incompleto"))))) -> CIB | F68: CP | G68: 0 | H68: 3 | I68: 1990 | J68: BR | K68: Tectoy | L68: Incomum | M68: TRUE | N68: TRUE | O68: TRUE | P68: TRUE | Q68: n/s
A69: BR-084-CP | C69: {=IF(A69="","",_xlfn.XLOOKUP(A69,Catalogo_BR!$A$2:$A$277,Catalogo_BR!$B$2:$B$277,"",0))} -> Gangster Town | E69: =IF(A69="","",IF(M69=FALSE,"Não possuo",IF(AND(M69,N69,O69,P69),"CIB",IF(AND(M69,N69,O69,NOT(P69)),"Boxed",IF(AND(M69,NOT(N69),NOT(O69),NOT(P69)),"Loose","Incompleto"))))) -> CIB | F69: CP | G69: 0 | H69: 3 | I69: 1987 | J69: BR | K69: Tectoy | L69: Incomum | M69: TRUE | N69: TRUE | O69: TRUE | P69: TRUE | Q69: n/s
A70: BR-149-GP | C70: {=IF(A70="","",_xlfn.XLOOKUP(A70,Catalogo_BR!$A$2:$A$277,Catalogo_BR!$B$2:$B$277,"",0))} -> Predator 2 | E70: =IF(A70="","",IF(M70=FALSE,"Não possuo",IF(AND(M70,N70,O70,P70),"CIB",IF(AND(M70,N70,O70,NOT(P70)),"Boxed",IF(AND(M70,NOT(N70),NOT(O70),NOT(P70)),"Loose","Incompleto"))))) -> CIB | F70: GP | G70: 0 | H70: 3 | I70: 1993 | J70: BR | K70: Tectoy | L70: Incomum | M70: TRUE | N70: TRUE | O70: TRUE | P70: TRUE | Q70: n/s
A71: BR-038-CP | C71: {=IF(A71="","",_xlfn.XLOOKUP(A71,Catalogo_BR!$A$2:$A$277,Catalogo_BR!$B$2:$B$277,"",0))} -> Castle of Illusion Estrelando Mickey Mouse | E71: =IF(A71="","",IF(M71=FALSE,"Não possuo",IF(AND(M71,N71,O71,P71),"CIB",IF(AND(M71,N71,O71,NOT(P71)),"Boxed",IF(AND(M71,NOT(N71),NOT(O71),NOT(P71)),"Loose","Incompleto"))))) -> CIB | F71: GG | G71: 0 | H71: 4 | I71: 1991 | J71: BR | K71: Tectoy | L71: Incomum | M71: TRUE | N71: TRUE | O71: TRUE | P71: TRUE | Q71: n/s | U71: [CONFIRME: qual edição você realmente possui? Posse migrada automaticamente para esta linha]
A72: BR-114-GG | C72: {=IF(A72="","",_xlfn.XLOOKUP(A72,Catalogo_BR!$A$2:$A$277,Catalogo_BR!$B$2:$B$277,"",0))} -> Kung Fu Kid | E72: =IF(A72="","",IF(M72=FALSE,"Não possuo",IF(AND(M72,N72,O72,P72),"CIB",IF(AND(M72,N72,O72,NOT(P72)),"Boxed",IF(AND(M72,NOT(N72),NOT(O72),NOT(P72)),"Loose","Incompleto"))))) -> CIB | F72: GG | G72: 0 | H72: 3 | I72: 1987 | J72: BR | K72: Tectoy | L72: Incomum | M72: TRUE | N72: TRUE | O72: TRUE | P72: TRUE | Q72: n/s
A73: BR-005-GG | C73: {=IF(A73="","",_xlfn.XLOOKUP(A73,Catalogo_BR!$A$2:$A$277,Catalogo_BR!$B$2:$B$277,"",0))} -> Air Rescue | E73: =IF(A73="","",IF(M73=FALSE,"Não possuo",IF(AND(M73,N73,O73,P73),"CIB",IF(AND(M73,N73,O73,NOT(P73)),"Boxed",IF(AND(M73,NOT(N73),NOT(O73),NOT(P73)),"Loose","Incompleto"))))) -> CIB | F73: GG | G73: 0 | H73: 2 | I73: 1992 | J73: BR | K73: Tectoy | L73: Incomum | M73: TRUE | N73: TRUE | O73: TRUE | P73: TRUE | Q73: n/s
A74: BR-006-GG | C74: {=IF(A74="","",_xlfn.XLOOKUP(A74,Catalogo_BR!$A$2:$A$277,Catalogo_BR!$B$2:$B$277,"",0))} -> Alex Kidd High-Tech World | E74: =IF(A74="","",IF(M74=FALSE,"Não possuo",IF(AND(M74,N74,O74,P74),"CIB",IF(AND(M74,N74,O74,NOT(P74)),"Boxed",IF(AND(M74,NOT(N74),NOT(O74),NOT(P74)),"Loose","Incompleto"))))) -> CIB | F74: GG | G74: 0 | H74: 3 | I74: 1989 | J74: BR | K74: Tectoy | L74: Incomum | M74: TRUE | N74: TRUE | O74: TRUE | P74: TRUE | Q74: n/s
A75: BR-019-GG | C75: {=IF(A75="","",_xlfn.XLOOKUP(A75,Catalogo_BR!$A$2:$A$277,Catalogo_BR!$B$2:$B$277,"",0))} -> Asterix | E75: =IF(A75="","",IF(M75=FALSE,"Não possuo",IF(AND(M75,N75,O75,P75),"CIB",IF(AND(M75,N75,O75,NOT(P75)),"Boxed",IF(AND(M75,NOT(N75),NOT(O75),NOT(P75)),"Loose","Incompleto"))))) -> CIB | F75: GG | G75: 0 | H75: 5 | I75: 1991 | J75: BR | K75: Tectoy | L75: Incomum | M75: TRUE | N75: TRUE | O75: TRUE | P75: TRUE | Q75: n/s
A76: BR-038-GG | C76: {=IF(A76="","",_xlfn.XLOOKUP(A76,Catalogo_BR!$A$2:$A$277,Catalogo_BR!$B$2:$B$277,"",0))} -> Castle of Illusion Estrelando Mickey Mouse | E76: =IF(A76="","",IF(M76=FALSE,"Não possuo",IF(AND(M76,N76,O76,P76),"CIB",IF(AND(M76,N76,O76,NOT(P76)),"Boxed",IF(AND(M76,NOT(N76),NOT(O76),NOT(P76)),"Loose","Incompleto"))))) -> CIB | F76: GG | G76: 0 | H76: 5 | I76: 1991 | J76: BR | K76: Tectoy | L76: Incomum | M76: TRUE | N76: TRUE | O76: TRUE | P76: TRUE | Q76: n/s
A77: BR-090-GG | C77: {=IF(A77="","",_xlfn.XLOOKUP(A77,Catalogo_BR!$A$2:$A$277,Catalogo_BR!$B$2:$B$277,"",0))} -> Ghouls 'n Ghosts | E77: =IF(A77="","",IF(M77=FALSE,"Não possuo",IF(AND(M77,N77,O77,P77),"CIB",IF(AND(M77,N77,O77,NOT(P77)),"Boxed",IF(AND(M77,NOT(N77),NOT(O77),NOT(P77)),"Loose","Incompleto"))))) -> CIB | F77: GG | G77: 0 | H77: 5 | I77: 1991 | J77: EUA | K77: Tectoy | L77: Incomum | M77: TRUE | N77: TRUE | O77: TRUE | P77: TRUE | Q77: n/s
A78: BR-101-GG | C78: {=IF(A78="","",_xlfn.XLOOKUP(A78,Catalogo_BR!$A$2:$A$277,Catalogo_BR!$B$2:$B$277,"",0))} -> Heavyweight Champ | E78: =IF(A78="","",IF(M78=FALSE,"Não possuo",IF(AND(M78,N78,O78,P78),"CIB",IF(AND(M78,N78,O78,NOT(P78)),"Boxed",IF(AND(M78,NOT(N78),NOT(O78),NOT(P78)),"Loose","Incompleto"))))) -> CIB | F78: GG | G78: 0 | H78: 2 | I78: 1990 | J78: BR | K78: Tectoy | L78: Incomum | M78: TRUE | N78: TRUE | O78: TRUE | P78: TRUE | Q78: n/s
A79: BR-102-GG | C79: {=IF(A79="","",_xlfn.XLOOKUP(A79,Catalogo_BR!$A$2:$A$277,Catalogo_BR!$B$2:$B$277,"",0))} -> Heroes of the Lance | E79: =IF(A79="","",IF(M79=FALSE,"Não possuo",IF(AND(M79,N79,O79,P79),"CIB",IF(AND(M79,N79,O79,NOT(P79)),"Boxed",IF(AND(M79,NOT(N79),NOT(O79),NOT(P79)),"Loose","Incompleto"))))) -> CIB | F79: GG | G79: 0 | H79: 2 | I79: 1991 | J79: BR | K79: Tectoy | L79: Incomum | M79: TRUE | N79: TRUE | O79: TRUE | P79: TRUE | Q79: n/s
A80: BR-117-GG | C80: {=IF(A80="","",_xlfn.XLOOKUP(A80,Catalogo_BR!$A$2:$A$277,Catalogo_BR!$B$2:$B$277,"",0))} -> Lemmings | E80: =IF(A80="","",IF(M80=FALSE,"Não possuo",IF(AND(M80,N80,O80,P80),"CIB",IF(AND(M80,N80,O80,NOT(P80)),"Boxed",IF(AND(M80,NOT(N80),NOT(O80),NOT(P80)),"Loose","Incompleto"))))) -> CIB | F80: GG | G80: 0 | H80: 3 | I80: 1992 | J80: BR | K80: Tectoy | L80: Incomum | M80: TRUE | N80: TRUE | O80: TRUE | P80: TRUE | Q80: n/s
A81: BR-119-GG | C81: {=IF(A81="","",_xlfn.XLOOKUP(A81,Catalogo_BR!$A$2:$A$277,Catalogo_BR!$B$2:$B$277,"",0))} -> Lord of the Sword | E81: =IF(A81="","",IF(M81=FALSE,"Não possuo",IF(AND(M81,N81,O81,P81),"CIB",IF(AND(M81,N81,O81,NOT(P81)),"Boxed",IF(AND(M81,NOT(N81),NOT(O81),NOT(P81)),"Loose","Incompleto"))))) -> CIB | F81: GG | G81: 0 | H81: 4 | I81: 1988 | J81: EU | K81: Tectoy | L81: Incomum | M81: TRUE | N81: TRUE | O81: TRUE | P81: TRUE | Q81: n/s
A82: BR-126-GG | C82: {=IF(A82="","",_xlfn.XLOOKUP(A82,Catalogo_BR!$A$2:$A$277,Catalogo_BR!$B$2:$B$277,"",0))} -> Minigolf | E82: =IF(A82="","",IF(M82=FALSE,"Não possuo",IF(AND(M82,N82,O82,P82),"CIB",IF(AND(M82,N82,O82,NOT(P82)),"Boxed",IF(AND(M82,NOT(N82),NOT(O82),NOT(P82)),"Loose","Incompleto"))))) -> CIB | F82: GG | G82: 0 | H82: 3 | I82: 1992 | J82: BR | K82: Tectoy | L82: Incomum | M82: TRUE | N82: TRUE | O82: TRUE | P82: TRUE | Q82: n/s
A83: BR-244-CP | C83: {=IF(A83="","",_xlfn.XLOOKUP(A83,Catalogo_BR!$A$2:$A$277,Catalogo_BR!$B$2:$B$277,"",0))} -> Zillion II | E83: =IF(A83="","",IF(M83=FALSE,"Não possuo",IF(AND(M83,N83,O83,P83),"CIB",IF(AND(M83,N83,O83,NOT(P83)),"Boxed",IF(AND(M83,NOT(N83),NOT(O83),NOT(P83)),"Loose","Incompleto"))))) -> CIB | F83: CP | G83: 0 | H83: 4 | I83: 1987 | J83: BR | K83: EUA | L83: Incomum | M83: TRUE | N83: TRUE | O83: TRUE | P83: TRUE | Q83: n/s
... A93: BR-167-GG | C93: {=IF(A93="","",_xlfn.XLOOKUP(A93,Catalogo_BR!$A$2:$A$277,Catalogo_BR!$B$2:$B$277,"",0))} -> Running Battle | E93: =IF(A93="","",IF(M93=FALSE,"Não possuo",IF(AND(M93,N93,O93,P93),"CIB",IF(AND(M93,N93,O93,NOT(P93)),"Boxed",IF(AND(M93,NOT(N93),NOT(O93),NOT(P93)),"Loose","Incompleto"))))) -> Loose | F93: GG | G93: 0 | H93: 3 | I93: 1991 | J93: BR | K93: Tectoy | L93: Incomum | M93: TRUE | N93: FALSE | O93: FALSE | P93: FALSE | Q93: n/s
A94: BR-008-CP | C94: {=IF(A94="","",_xlfn.XLOOKUP(A94,Catalogo_BR!$A$2:$A$277,Catalogo_BR!$B$2:$B$277,"",0))} -> Alex Kidd In Shinobi World | E94: =IF(A94="","",IF(M94=FALSE,"Não possuo",IF(AND(M94,N94,O94,P94),"CIB",IF(AND(M94,N94,O94,NOT(P94)),"Boxed",IF(AND(M94,NOT(N94),NOT(O94),NOT(P94)),"Loose","Incompleto"))))) -> Loose | F94: CP | G94: 3 | H94: 4 | I94: 1990 | J94: BR | K94: Tectoy | L94: Incomum | M94: TRUE | N94: FALSE | O94: FALSE | P94: FALSE | Q94: n/s | U94: [CONFIRME: qual edição você realmente possui? Posse migrada automaticamente para esta linha]
A95: BR-018-CP | C95: {=IF(A95="","",_xlfn.XLOOKUP(A95,Catalogo_BR!$A$2:$A$277,Catalogo_BR!$B$2:$B$277,"",0))} -> Assault City | E95: =IF(A95="","",IF(M95=FALSE,"Não possuo",IF(AND(M95,N95,O95,P95),"CIB",IF(AND(M95,N95,O95,NOT(P95)),"Boxed",IF(AND(M95,NOT(N95),NOT(O95),NOT(P95)),"Loose","Incompleto"))))) -> Loose | F95: CP | G95: 3 | H95: 2 | I95: 1990 | J95: EU | K95: Tectoy | L95: Incomum | M95: TRUE | N95: FALSE | O95: FALSE | P95: FALSE | Q95: n/s
A96: BR-084-CP | C96: {=IF(A96="","",_xlfn.XLOOKUP(A96,Catalogo_BR!$A$2:$A$277,Catalogo_BR!$B$2:$B$277,"",0))} -> Gangster Town | E96: =IF(A96="","",IF(M96=FALSE,"Não possuo",IF(AND(M96,N96,O96,P96),"CIB",IF(AND(M96,N96,O96,NOT(P96)),"Boxed",IF(AND(M96,NOT(N96),NOT(O96),NOT(P96)),"Loose","Incompleto"))))) -> Loose | F96: CP | G96: 3 | H96: 3 | I96: 1987 | J96: BR | K96: Tectoy | L96: Incomum | M96: TRUE | N96: FALSE | O96: FALSE | P96: FALSE | Q96: n/s
A97: BR-089-CP | C97: {=IF(A97="","",_xlfn.XLOOKUP(A97,Catalogo_BR!$A$2:$A$277,Catalogo_BR!$B$2:$B$277,"",0))} -> Ghostbusters | E97: =IF(A97="","",IF(M97=FALSE,"Não possuo",IF(AND(M97,N97,O97,P97),"CIB",IF(AND(M97,N97,O97,NOT(P97)),"Boxed",IF(AND(M97,NOT(N97),NOT(O97),NOT(P97)),"Loose","Incompleto"))))) -> Loose | F97: CP | G97: 3 | H97: 3 | I97: 1987 | J97: BR | K97: Tectoy | L97: Incomum | M97: TRUE | N97: FALSE | O97: FALSE | P97: FALSE | Q97: n/s
A98: BR-162-CP | C98: {=IF(A98="","",_xlfn.XLOOKUP(A98,Catalogo_BR!$A$2:$A$277,Catalogo_BR!$B$2:$B$277,"",0))} -> Rescue Mission | E98: =IF(A98="","",IF(M98=FALSE,"Não possuo",IF(AND(M98,N98,O98,P98),"CIB",IF(AND(M98,N98,O98,NOT(P98)),"Boxed",IF(AND(M98,NOT(N98),NOT(O98),NOT(P98)),"Loose","Incompleto"))))) -> Loose | F98: CP | G98: 3 | H98: 3 | I98: 1988 | J98: BR | K98: Tectoy | L98: Incomum | M98: TRUE | N98: FALSE | O98: FALSE | P98: FALSE | Q98: n/s
A99: BR-177-CP | C99: {=IF(A99="","",_xlfn.XLOOKUP(A99,Catalogo_BR!$A$2:$A$277,Catalogo_BR!$B$2:$B$277,"",0))} -> Shinobi | E99: =IF(A99="","",IF(M99=FALSE,"Não possuo",IF(AND(M99,N99,O99,P99),"CIB",IF(AND(M99,N99,O99,NOT(P99)),"Boxed",IF(AND(M99,NOT(N99),NOT(O99),NOT(P99)),"Loose","Incompleto"))))) -> Loose | F99: CP | G99: 3 | H99: 5 | I99: 1988 | J99: EU | K99: Tectoy | L99: Incomum | M99: TRUE | N99: FALSE | O99: FALSE | P99: FALSE | Q99: n/s
A100: BR-047-GG | C100: {=IF(A100="","",_xlfn.XLOOKUP(A100,Catalogo_BR!$A$2:$A$277,Catalogo_BR!$B$2:$B$277,"",0))} -> Cyber Shinobi | D100: The Cyber Shinobi | E100: =IF(A100="","",IF(M100=FALSE,"Não possuo",IF(AND(M100,N100,O100,P100),"CIB",IF(AND(M100,N100,O100,NOT(P100)),"Boxed",IF(AND(M100,NOT(N100),NOT(O100),NOT(P100)),"Loose","Incompleto"))))) -> Loose | F100: GG | G100: 2 | H100: 3 | I100: 1991 | J100: EU | K100: Tectoy | L100: Incomum | M100: TRUE | N100: FALSE | O100: FALSE | P100: FALSE | Q100: n/s
A101: BR-048-GG | C101: {=IF(A101="","",_xlfn.XLOOKUP(A101,Catalogo_BR!$A$2:$A$277,Catalogo_BR!$B$2:$B$277,"",0))} -> Cyborg Hunter | E101: =IF(A101="","",IF(M101=FALSE,"Não possuo",IF(AND(M101,N101,O101,P101),"CIB",IF(AND(M101,N101,O101,NOT(P101)),"Boxed",IF(AND(M101,NOT(N101),NOT(O101),NOT(P101)),"Loose","Incompleto"))))) -> Loose | F101: GG | G101: 2 | H101: 5 | I101: 1988 | J101: EU | K101: Tectoy | L101: Incomum | M101: TRUE | N101: FALSE | O101: FALSE | P101: FALSE | Q101: n/s
A102: BR-036-GG | C102: {=IF(A102="","",_xlfn.XLOOKUP(A102,Catalogo_BR!$A$2:$A$277,Catalogo_BR!$B$2:$B$277,"",0))} -> Captain Silver | E102: =IF(A102="","",IF(M102=FALSE,"Não possuo",IF(AND(M102,N102,O102,P102),"CIB",IF(AND(M102,N102,O102,NOT(P102)),"Boxed",IF(AND(M102,NOT(N102),NOT(O102),NOT(P102)),"Loose","Incompleto"))))) -> Loose | F102: GG | G102: 3 | H102: 4 | I102: 1988 | J102: EU | K102: Tectoy | L102: Incomum | M102: TRUE | N102: FALSE | O102: FALSE | P102: FALSE | Q102: n/s
A103: BR-190-GG | C103: {=IF(A103="","",_xlfn.XLOOKUP(A103,Catalogo_BR!$A$2:$A$277,Catalogo_BR!$B$2:$B$277,"",0))} -> Spy vs. Spy | E103: =IF(A103="","",IF(M103=FALSE,"Não possuo",IF(AND(M103,N103,O103,P103),"CIB",IF(AND(M103,N103,O103,NOT(P103)),"Boxed",IF(AND(M103,NOT(N103),NOT(O103),NOT(P103)),"Loose","Incompleto"))))) -> Loose | F103: GG | G103: 3 | H103: 4 | I103: 1986 | J103: EU | K103: Tectoy | L103: Incomum | M103: TRUE | N103: FALSE | O103: FALSE | P103: FALSE | Q103: n/s
A104: BR-222-GG | C104: {=IF(A104="","",_xlfn.XLOOKUP(A104,Catalogo_BR!$A$2:$A$277,Catalogo_BR!$B$2:$B$277,"",0))} -> Time Soldiers | E104: =IF(A104="","",IF(M104=FALSE,"Não possuo",IF(AND(M104,N104,O104,P104),"CIB",IF(AND(M104,N104,O104,NOT(P104)),"Boxed",IF(AND(M104,NOT(N104),NOT(O104),NOT(P104)),"Loose","Incompleto"))))) -> Loose | F104: GG | G104: 3 | H104: 3 | I104: 1989 | J104: BR | K104: Tectoy | L104: Incomum | M104: TRUE | N104: FALSE | O104: FALSE | P104: FALSE | Q104: n/s
A105: BR-222-GG | C105: {=IF(A105="","",_xlfn.XLOOKUP(A105,Catalogo_BR!$A$2:$A$277,Catalogo_BR!$B$2:$B$277,"",0))} -> Time Soldiers | E105: =IF(A105="","",IF(M105=FALSE,"Não possuo",IF(AND(M105,N105,O105,P105),"CIB",IF(AND(M105,N105,O105,NOT(P105)),"Boxed",IF(AND(M105,NOT(N105),NOT(O105),NOT(P105)),"Loose","Incompleto"))))) -> Loose | F105: GG | G105: 3 | H105: 3 | I105: 1989 | J105: EU | K105: Tectoy | L105: Incomum | M105: TRUE | N105: FALSE | O105: FALSE | P105: FALSE | Q105: n/s
A106: BR-022-GG | C106: {=IF(A106="","",_xlfn.XLOOKUP(A106,Catalogo_BR!$A$2:$A$277,Catalogo_BR!$B$2:$B$277,"",0))} -> Astro Warrior | E106: =IF(A106="","",IF(M106=FALSE,"Não possuo",IF(AND(M106,N106,O106,P106),"CIB",IF(AND(M106,N106,O106,NOT(P106)),"Boxed",IF(AND(M106,NOT(N106),NOT(O106),NOT(P106)),"Loose","Incompleto"))))) -> Não possuo | F106: GG | G106: 1 | H106: 3 | I106: 1986 | J106: BR | K106: Tectoy | L106: Incomum | M106: FALSE | N106: FALSE | O106: FALSE | P106: FALSE | Q106: n/s
A107: BR-118-GG | C107: {=IF(A107="","",_xlfn.XLOOKUP(A107,Catalogo_BR!$A$2:$A$277,Catalogo_BR!$B$2:$B$277,"",0))} -> Line of Fire | E107: =IF(A107="","",IF(M107=FALSE,"Não possuo",IF(AND(M107,N107,O107,P107),"CIB",IF(AND(M107,N107,O107,NOT(P107)),"Boxed",IF(AND(M107,NOT(N107),NOT(O107),NOT(P107)),"Loose","Incompleto"))))) -> Não possuo | F107: GG | G107: 1 | H107: 3 | I107: 1991 | J107: BR | K107: Tectoy | L107: Incomum | M107: FALSE | N107: FALSE | O107: FALSE | P107: FALSE | Q107: n/s
A108: BR-156-GG | C108: {=IF(A108="","",_xlfn.XLOOKUP(A108,Catalogo_BR!$A$2:$A$277,Catalogo_BR!$B$2:$B$277,"",0))} -> R.C. Grand Prix | E108: =IF(A108="","",IF(M108=FALSE,"Não possuo",IF(AND(M108,N108,O108,P108),"CIB",IF(AND(M108,N108,O108,NOT(P108)),"Boxed",IF(AND(M108,NOT(N108),NOT(O108),NOT(P108)),"Loose","Incompleto"))))) -> Não possuo | F108: GG | G108: 1 | H108: 3 | I108: 1990 | J108: BR | K108: Tectoy | L108: Incomum | M108: FALSE | N108: FALSE | O108: FALSE | P108: FALSE | Q108: n/s
A109: BR-088-GG | C109: {=IF(A109="","",_xlfn.XLOOKUP(A109,Catalogo_BR!$A$2:$A$277,Catalogo_BR!$B$2:$B$277,"",0))} -> Ghost House | E109: =IF(A109="","",IF(M109=FALSE,"Não possuo",IF(AND(M109,N109,O109,P109),"CIB",IF(AND(M109,N109,O109,NOT(P109)),"Boxed",IF(AND(M109,NOT(N109),NOT(O109),NOT(P109)),"Loose","Incompleto"))))) -> Não possuo | F109: GG | G109: 1 | H109: 2 | I109: 1986 | J109: BR | K109: Tectoy | L109: Incomum | M109: FALSE | N109: FALSE | O109: FALSE | P109: FALSE | Q109: n/s
A110: BR-108-GG | C110: {=IF(A110="","",_xlfn.XLOOKUP(A110,Catalogo_BR!$A$2:$A$277,Catalogo_BR!$B$2:$B$277,"",0))} -> Jogos de Verão | E110: =IF(A110="","",IF(M110=FALSE,"Não possuo",IF(AND(M110,N110,O110,P110),"CIB",IF(AND(M110,N110,O110,NOT(P110)),"Boxed",IF(AND(M110,NOT(N110),NOT(O110),NOT(P110)),"Loose","Incompleto"))))) -> Não possuo | F110: GG | G110: 1 | H110: 5 | I110: 1989 | J110: BR | K110: Tectoy | L110: Incomum | M110: FALSE | N110: FALSE | O110: FALSE | P110: FALSE | Q110: n/s
A111: BR-112-GG | C111: {=IF(A111="","",_xlfn.XLOOKUP(A111,Catalogo_BR!$A$2:$A$277,Catalogo_BR!$B$2:$B$277,"",0))} -> Kenseiden | E111: =IF(A111="","",IF(M111=FALSE,"Não possuo",IF(AND(M111,N111,O111,P111),"CIB",IF(AND(M111,N111,O111,NOT(P111)),"Boxed",IF(AND(M111,NOT(N111),NOT(O111),NOT(P111)),"Loose","Incompleto"))))) -> Não possuo | F111: GG | G111: 2 | H111: 5 | I111: 1988 | J111: BR | K111: Tectoy | L111: Raro | M111: FALSE | N111: FALSE | O111: FALSE | P111: FALSE | Q111: n/s
A112: BR-130-GG | C112: {=IF(A112="","",_xlfn.XLOOKUP(A112,Catalogo_BR!$A$2:$A$277,Catalogo_BR!$B$2:$B$277,"",0))} -> Moonwalker | E112: =IF(A112="","",IF(M112=FALSE,"Não possuo",IF(AND(M112,N112,O112,P112),"CIB",IF(AND(M112,N112,O112,NOT(P112)),"Boxed",IF(AND(M112,NOT(N112),NOT(O112),NOT(P112)),"Loose","Incompleto"))))) -> Não possuo | F112: GG | G112: 2 | H112: 4 | I112: 1990 | J112: BR | K112: Tectoy | L112: Raro | M112: FALSE | N112: FALSE | O112: FALSE | P112: FALSE | Q112: n/s
... A136: BR-058-AB | C136: {=IF(A136="","",_xlfn.XLOOKUP(A136,Catalogo_BR!$A$2:$A$277,Catalogo_BR!$B$2:$B$277,"",0))} -> Dr. Robotnik's Mean Bean Machine | E136: =IF(A136="","",IF(M136=FALSE,"Não possuo",IF(AND(M136,N136,O136,P136),"CIB",IF(AND(M136,N136,O136,NOT(P136)),"Boxed",IF(AND(M136,NOT(N136),NOT(O136),NOT(P136)),"Loose","Incompleto"))))) -> Não possuo | F136: AB | G136: 3 | H136: 3 | I136: 1993 | J136: BR | K136: Tectoy | L136: Incomum | M136: FALSE | N136: FALSE | O136: FALSE | P136: FALSE | Q136: n/s
A137: BR-063-AZ | C137: {=IF(A137="","",_xlfn.XLOOKUP(A137,Catalogo_BR!$A$2:$A$277,Catalogo_BR!$B$2:$B$277,"",0))} -> Dynamite Headdy | E137: =IF(A137="","",IF(M137=FALSE,"Não possuo",IF(AND(M137,N137,O137,P137),"CIB",IF(AND(M137,N137,O137,NOT(P137)),"Boxed",IF(AND(M137,NOT(N137),NOT(O137),NOT(P137)),"Loose","Incompleto"))))) -> Não possuo | F137: AZ | G137: 3 | H137: 3 | I137: 1995 | J137: BR | K137: Tectoy | L137: Incomum | M137: FALSE | N137: FALSE | O137: FALSE | P137: FALSE | Q137: n/s | AA137: =IFERROR(__xludf.DUMMYFUNCTION("COUNTUNIQUE(ARRAYFORMULA(IF((K3:K296=""TecToy"")*(E3:E296<>""Não possuo"")*(A3:A296<>""""), REGEXEXTRACT(A3:A296, ""-(\d+)-""), """"))) & ""/"" & COUNTUNIQUE(ARRAYFORMULA(IF(Catalogo_BR!A2:A296<>"""", REGEXEXTRACT(Catalogo_BR!A2:A296, ""-(\d+)-""), """"))"&")"),"132/245") -> 132/245
A138: BR-064-CP | C138: {=IF(A138="","",_xlfn.XLOOKUP(A138,Catalogo_BR!$A$2:$A$277,Catalogo_BR!$B$2:$B$277,"",0))} -> E-SWAT | E138: =IF(A138="","",IF(M138=FALSE,"Não possuo",IF(AND(M138,N138,O138,P138),"CIB",IF(AND(M138,N138,O138,NOT(P138)),"Boxed",IF(AND(M138,NOT(N138),NOT(O138),NOT(P138)),"Loose","Incompleto"))))) -> Não possuo | F138: CP | G138: 3 | H138: 3 | I138: 1990 | J138: BR | K138: Tectoy | L138: Incomum | M138: FALSE | N138: FALSE | O138: FALSE | P138: FALSE | Q138: n/s
A139: BR-067-AZ | C139: {=IF(A139="","",_xlfn.XLOOKUP(A139,Catalogo_BR!$A$2:$A$277,Catalogo_BR!$B$2:$B$277,"",0))} -> Ecco: The Tides of Time | E139: =IF(A139="","",IF(M139=FALSE,"Não possuo",IF(AND(M139,N139,O139,P139),"CIB",IF(AND(M139,N139,O139,NOT(P139)),"Boxed",IF(AND(M139,NOT(N139),NOT(O139),NOT(P139)),"Loose","Incompleto"))))) -> Não possuo | F139: AZ | G139: 3 | H139: 3 | I139: 1996 | J139: BR | K139: Tectoy | L139: Incomum | M139: FALSE | N139: FALSE | O139: FALSE | P139: FALSE | Q139: n/s
A140: BR-069-AB | C140: {=IF(A140="","",_xlfn.XLOOKUP(A140,Catalogo_BR!$A$2:$A$277,Catalogo_BR!$B$2:$B$277,"",0))} -> F1 | E140: =IF(A140="","",IF(M140=FALSE,"Não possuo",IF(AND(M140,N140,O140,P140),"CIB",IF(AND(M140,N140,O140,NOT(P140)),"Boxed",IF(AND(M140,NOT(N140),NOT(O140),NOT(P140)),"Loose","Incompleto"))))) -> Não possuo | F140: AB | G140: 3 | H140: 3 | I140: 1993 | J140: BR | K140: Tectoy | L140: Incomum | M140: FALSE | N140: FALSE | O140: FALSE | P140: FALSE | Q140: n/s
A141: BR-070-CP | C141: {=IF(A141="","",_xlfn.XLOOKUP(A141,Catalogo_BR!$A$2:$A$277,Catalogo_BR!$B$2:$B$277,"",0))} -> Fantasy Zone II | E141: =IF(A141="","",IF(M141=FALSE,"Não possuo",IF(AND(M141,N141,O141,P141),"CIB",IF(AND(M141,N141,O141,NOT(P141)),"Boxed",IF(AND(M141,NOT(N141),NOT(O141),NOT(P141)),"Loose","Incompleto"))))) -> Não possuo | F141: CP | G141: 3 | H141: 4 | I141: 1987 | J141: BR | K141: Tectoy | L141: Incomum | M141: FALSE | N141: FALSE | O141: FALSE | P141: FALSE | Q141: n/s
A142: BR-072-AZ | C142: {=IF(A142="","",_xlfn.XLOOKUP(A142,Catalogo_BR!$A$2:$A$277,Catalogo_BR!$B$2:$B$277,"",0))} -> Férias Frustradas do Pica-Pau | E142: =IF(A142="","",IF(M142=FALSE,"Não possuo",IF(AND(M142,N142,O142,P142),"CIB",IF(AND(M142,N142,O142,NOT(P142)),"Boxed",IF(AND(M142,NOT(N142),NOT(O142),NOT(P142)),"Loose","Incompleto"))))) -> Não possuo | F142: AZ | G142: 3 | H142: 1 | I142: 1996 | J142: BR | K142: Tectoy | L142: Incomum | M142: FALSE | N142: FALSE | O142: FALSE | P142: FALSE | Q142: n/s
A143: BR-073-AZ | C143: {=IF(A143="","",_xlfn.XLOOKUP(A143,Catalogo_BR!$A$2:$A$277,Catalogo_BR!$B$2:$B$277,"",0))} -> FIFA International Soccer | E143: =IF(A143="","",IF(M143=FALSE,"Não possuo",IF(AND(M143,N143,O143,P143),"CIB",IF(AND(M143,N143,O143,NOT(P143)),"Boxed",IF(AND(M143,NOT(N143),NOT(O143),NOT(P143)),"Loose","Incompleto"))))) -> Não possuo | F143: AZ | G143: 3 | H143: 2 | I143: 1996 | J143: BR | K143: Tectoy | L143: Incomum | M143: FALSE | N143: FALSE | O143: FALSE | P143: FALSE | Q143: n/s
A144: BR-001-GG | C144: {=IF(A144="","",_xlfn.XLOOKUP(A144,Catalogo_BR!$A$2:$A$277,Catalogo_BR!$B$2:$B$277,"",0))} -> Ace of Aces | E144: =IF(A144="","",IF(M144=FALSE,"Não possuo",IF(AND(M144,N144,O144,P144),"CIB",IF(AND(M144,N144,O144,NOT(P144)),"Boxed",IF(AND(M144,NOT(N144),NOT(O144),NOT(P144)),"Loose","Incompleto"))))) -> Não possuo | F144: GG | G144: 1 | H144: 3 | I144: 1991 | J144: BR | K144: Tectoy | L144: Raro | M144: FALSE | N144: FALSE | O144: FALSE | P144: FALSE | Q144: n/s
A145: BR-074-AZ | C145: {=IF(A145="","",_xlfn.XLOOKUP(A145,Catalogo_BR!$A$2:$A$277,Catalogo_BR!$B$2:$B$277,"",0))} -> Fire & Ice | E145: =IF(A145="","",IF(M145=FALSE,"Não possuo",IF(AND(M145,N145,O145,P145),"CIB",IF(AND(M145,N145,O145,NOT(P145)),"Boxed",IF(AND(M145,NOT(N145),NOT(O145),NOT(P145)),"Loose","Incompleto"))))) -> Não possuo | F145: AZ | G145: 3 | H145: 3 | I145: 1995 | J145: BR | K145: Tectoy | L145: Incomum | M145: FALSE | N145: FALSE | O145: FALSE | P145: FALSE | Q145: n/s
...
